Season,Team,Matches_Played,Wins,Draws,Losses,Points,Goals_Scored,Goals_Conceded,Goal_Difference,Shots,Shots_On_Target,Fouls,Corners,Yellow_Cards,Red_Cards,xG_Per_Match,xGA_Per_Match,xG_Difference_Per_Match,Shots_Per_Match,Shots_On_Target_Per_Match,Fouls_Per_Match,Yellow_Cards_Per_Match,Red_Cards_Per_Match,Shot_Conversion_Percentage,Points_Per_Match
2016/17,Chelsea,38,30,3,5,93,85,33,52,580,204,394,218,72,0,1.6263157894736842,0.7531578947368421,0.873157894736842,15.263157894736842,5.368421052631579,10.368421052631579,1.894736842105263,0.0,14.655172413793101,2.4473684210526314
2016/17,Tottenham,38,26,8,4,86,86,26,60,669,257,432,273,62,0,1.8439473684210526,0.8889473684210527,0.9549999999999998,17.605263157894736,6.7631578947368425,11.368421052631579,1.631578947368421,0.0,12.855007473841553,2.263157894736842
2016/17,Man City,38,23,9,6,78,80,39,41,633,217,395,280,71,4,2.1013157894736842,0.7792105263157895,1.3221052631578947,16.657894736842106,5.7105263157894735,10.394736842105264,1.868421052631579,0.10526315789473684,12.63823064770932,2.0526315789473686
2016/17,Liverpool,38,22,10,6,76,78,42,36,638,236,397,249,54,0,1.7534210526315788,0.9907894736842104,0.7626315789473683,16.789473684210527,6.2105263157894735,10.447368421052632,1.4210526315789473,0.0,12.225705329153605,2.0
2016/17,Arsenal,38,23,6,9,75,77,44,33,565,200,397,227,67,3,1.673157894736842,1.2386842105263158,0.4344736842105261,14.868421052631579,5.2631578947368425,10.447368421052632,1.763157894736842,0.07894736842105263,13.628318584070797,1.9736842105263157
2016/17,Man United,38,18,15,5,69,54,29,25,589,210,497,217,76,2,1.515,0.8321052631578948,0.6828947368421051,15.5,5.526315789473684,13.078947368421053,2.0,0.05263157894736842,9.168081494057725,1.8157894736842106
2016/17,Everton,38,17,10,11,61,62,44,18,498,192,459,196,71,2,1.3060526315789474,1.204736842105263,0.10131578947368425,13.105263157894736,5.052631578947368,12.078947368421053,1.868421052631579,0.05263157894736842,12.449799196787147,1.605263157894737
2016/17,Bournemouth,38,12,10,16,46,55,67,-12,446,160,366,191,51,3,1.3163157894736843,1.6576315789473686,-0.34131578947368424,11.736842105263158,4.2105263157894735,9.631578947368421,1.3421052631578947,0.07894736842105263,12.331838565022421,1.2105263157894737
2016/17,Southampton,38,12,10,16,46,41,48,-7,548,179,424,200,58,2,1.3152631578947367,1.1336842105263158,0.18157894736842084,14.421052631578947,4.7105263157894735,11.157894736842104,1.5263157894736843,0.05263157894736842,7.481751824817519,1.2105263157894737
2016/17,West Brom,38,12,9,17,45,43,51,-8,400,123,449,158,80,0,1.0055263157894736,1.2605263157894737,-0.2550000000000001,10.526315789473685,3.236842105263158,11.81578947368421,2.1052631578947367,0.0,10.75,1.1842105263157894
2016/17,West Ham,38,12,9,17,45,47,64,-17,496,138,408,172,77,5,1.269736842105263,1.5702631578947368,-0.30052631578947375,13.052631578947368,3.6315789473684212,10.736842105263158,2.026315789473684,0.13157894736842105,9.475806451612904,1.1842105263157894
2016/17,Leicester,38,12,8,18,44,48,63,-15,432,145,451,197,71,1,1.166842105263158,1.3499999999999999,-0.18315789473684196,11.368421052631579,3.8157894736842106,11.868421052631579,1.868421052631579,0.02631578947368421,11.11111111111111,1.1578947368421053
2016/17,Stoke,38,11,11,16,44,41,56,-15,426,137,434,188,70,2,1.259736842105263,1.2807894736842105,-0.021052631578947434,11.210526315789474,3.6052631578947367,11.421052631578947,1.8421052631578947,0.05263157894736842,9.624413145539906,1.1578947368421053
2016/17,Crystal Palace,38,12,5,21,41,50,63,-13,438,138,469,202,77,0,1.194736842105263,1.316578947368421,-0.12184210526315797,11.526315789473685,3.6315789473684212,12.342105263157896,2.026315789473684,0.0,11.415525114155251,1.0789473684210527
2016/17,Swansea,38,12,5,21,41,45,70,-25,390,146,401,196,56,0,1.0394736842105263,1.7139473684210524,-0.6744736842105261,10.263157894736842,3.8421052631578947,10.552631578947368,1.4736842105263157,0.0,11.538461538461538,1.0789473684210527
2016/17,Burnley,38,11,7,20,40,39,55,-16,390,120,426,149,65,2,0.9365789473684212,1.4544736842105264,-0.5178947368421052,10.263157894736842,3.1578947368421053,11.210526315789474,1.7105263157894737,0.05263157894736842,10.0,1.0526315789473684
2016/17,Watford,38,11,7,20,40,40,68,-28,419,144,517,164,83,5,0.9539473684210527,1.384736842105263,-0.4307894736842104,11.026315789473685,3.789473684210526,13.605263157894736,2.1842105263157894,0.13157894736842105,9.54653937947494,1.0526315789473684
2016/17,Hull,38,9,7,22,34,37,80,-43,396,127,403,179,67,5,0.8905263157894737,1.8886842105263157,-0.998157894736842,10.421052631578947,3.3421052631578947,10.605263157894736,1.763157894736842,0.13157894736842105,9.343434343434344,0.8947368421052632
2016/17,Middlesbrough,38,5,13,20,28,27,53,-26,349,100,478,141,76,1,0.8139473684210526,1.4552631578947368,-0.6413157894736842,9.18421052631579,2.6315789473684212,12.578947368421053,2.0,0.02631578947368421,7.736389684813753,0.7368421052631579
2016/17,Sunderland,38,6,6,26,24,29,69,-40,387,121,437,160,76,4,0.9005263157894736,1.7278947368421052,-0.8273684210526315,10.18421052631579,3.1842105263157894,11.5,2.0,0.10526315789473684,7.493540051679587,0.631578947368421
2017/18,Man City,38,32,4,2,100,106,27,79,664,261,344,284,58,2,2.4060526315789477,0.645,1.7610526315789476,17.473684210526315,6.868421052631579,9.052631578947368,1.5263157894736843,0.05263157894736842,15.963855421686745,2.6315789473684212
2017/18,Man United,38,25,6,7,81,68,28,40,513,181,404,220,64,1,1.5536842105263158,1.1457894736842105,0.4078947368421053,13.5,4.7631578947368425,10.631578947368421,1.6842105263157894,0.02631578947368421,13.255360623781677,2.1315789473684212
2017/18,Tottenham,38,23,8,7,77,74,36,38,622,217,384,246,49,2,1.8134210526315788,0.9436842105263158,0.869736842105263,16.36842105263158,5.7105263157894735,10.105263157894736,1.2894736842105263,0.05263157894736842,11.89710610932476,2.026315789473684
2017/18,Liverpool,38,21,12,5,75,84,38,46,640,233,344,230,44,1,2.0392105263157894,0.9407894736842105,1.0984210526315787,16.842105263157894,6.131578947368421,9.052631578947368,1.1578947368421053,0.02631578947368421,13.125,1.9736842105263157
2017/18,Chelsea,38,21,7,10,70,62,38,24,606,220,363,230,41,4,1.5568421052631578,0.8955263157894737,0.6613157894736841,15.947368421052632,5.7894736842105265,9.552631578947368,1.0789473684210527,0.10526315789473684,10.231023102310232,1.8421052631578947
2017/18,Arsenal,38,19,6,13,63,74,51,23,593,234,383,225,57,2,1.9018421052631578,1.2828947368421053,0.6189473684210525,15.605263157894736,6.157894736842105,10.078947368421053,1.5,0.05263157894736842,12.478920741989882,1.6578947368421053
2017/18,Burnley,38,14,12,12,54,36,39,-3,379,127,350,167,65,0,0.8623684210526317,1.3726315789473684,-0.5102631578947368,9.973684210526315,3.3421052631578947,9.210526315789474,1.7105263157894737,0.0,9.498680738786279,1.4210526315789473
2017/18,Everton,38,13,10,15,49,44,58,-14,360,122,459,150,51,3,1.1502631578947369,1.4605263157894737,-0.3102631578947368,9.473684210526315,3.210526315789474,12.078947368421053,1.3421052631578947,0.07894736842105263,12.222222222222221,1.2894736842105263
2017/18,Leicester,38,12,11,15,47,56,60,-4,422,148,365,203,52,5,1.3234210526315788,1.2989473684210526,0.024473684210526203,11.105263157894736,3.8947368421052633,9.605263157894736,1.368421052631579,0.13157894736842105,13.270142180094787,1.236842105263158
2017/18,Bournemouth,38,11,11,16,44,45,61,-16,467,158,339,218,55,1,1.0523684210526316,1.708684210526316,-0.6563157894736844,12.289473684210526,4.157894736842105,8.921052631578947,1.4473684210526316,0.02631578947368421,9.635974304068522,1.1578947368421053
2017/18,Crystal Palace,38,11,11,16,44,45,55,-10,475,151,425,209,71,0,1.493421052631579,1.4089473684210525,0.08447368421052648,12.5,3.973684210526316,11.18421052631579,1.868421052631579,0.0,9.473684210526317,1.1578947368421053
2017/18,Newcastle,38,12,8,18,44,39,47,-8,449,150,409,167,52,2,1.1744736842105263,1.3807894736842106,-0.20631578947368423,11.81578947368421,3.9473684210526314,10.763157894736842,1.368421052631579,0.05263157894736842,8.68596881959911,1.1578947368421053
2017/18,West Ham,38,10,12,16,42,48,68,-20,373,133,379,161,72,2,0.9684210526315788,1.5360526315789473,-0.5676315789473685,9.81578947368421,3.5,9.973684210526315,1.894736842105263,0.05263157894736842,12.868632707774799,1.105263157894737
2017/18,Watford,38,11,8,19,41,44,64,-20,440,132,441,184,63,4,1.2065789473684212,1.4205263157894736,-0.21394736842105244,11.578947368421053,3.473684210526316,11.605263157894736,1.6578947368421053,0.10526315789473684,10.0,1.0789473684210527
2017/18,Brighton,38,9,13,16,40,34,54,-20,383,118,413,163,54,2,0.9792105263157895,1.3968421052631579,-0.41763157894736835,10.078947368421053,3.1052631578947367,10.868421052631579,1.4210526315789473,0.05263157894736842,8.87728459530026,1.0526315789473684
2017/18,Huddersfield,38,9,10,19,37,28,58,-30,360,111,396,165,61,3,0.8455263157894738,1.4005263157894736,-0.5549999999999998,9.473684210526315,2.9210526315789473,10.421052631578947,1.605263157894737,0.07894736842105263,7.777777777777778,0.9736842105263158
2017/18,Southampton,38,7,15,16,36,37,56,-19,451,145,416,227,63,2,1.1021052631578947,1.2252631578947368,-0.12315789473684213,11.868421052631579,3.8157894736842106,10.947368421052632,1.6578947368421053,0.05263157894736842,8.2039911308204,0.9473684210526315
2017/18,Stoke,38,7,12,19,33,35,68,-33,382,131,436,136,62,1,0.9671052631578947,1.7247368421052633,-0.7576315789473687,10.052631578947368,3.4473684210526314,11.473684210526315,1.631578947368421,0.02631578947368421,9.162303664921465,0.868421052631579
2017/18,Swansea,38,8,9,21,33,28,56,-28,336,104,377,150,51,1,0.7818421052631579,1.6271052631578946,-0.8452631578947367,8.842105263157896,2.736842105263158,9.921052631578947,1.3421052631578947,0.02631578947368421,8.333333333333332,0.868421052631579
2017/18,West Brom,38,6,13,19,31,31,56,-25,375,114,440,176,72,1,0.9257894736842105,1.2892105263157896,-0.3634210526315791,9.868421052631579,3.0,11.578947368421053,1.894736842105263,0.02631578947368421,8.266666666666666,0.8157894736842105
2018/19,Man City,38,32,2,4,98,95,23,72,683,260,328,287,44,1,2.466315789473684,0.6771052631578948,1.7892105263157894,17.973684210526315,6.842105263157895,8.631578947368421,1.1578947368421053,0.02631578947368421,13.90922401171303,2.5789473684210527
2018/19,Liverpool,38,30,7,1,97,89,22,67,574,226,315,249,37,2,2.0910526315789473,0.7671052631578947,1.3239473684210525,15.105263157894736,5.947368421052632,8.289473684210526,0.9736842105263158,0.05263157894736842,15.505226480836237,2.5526315789473686
2018/19,Chelsea,38,21,9,8,72,63,39,24,606,198,339,215,49,0,1.683421052631579,1.0028947368421053,0.6805263157894736,15.947368421052632,5.2105263157894735,8.921052631578947,1.2894736842105263,0.0,10.396039603960396,1.894736842105263
2018/19,Tottenham,38,23,2,13,71,67,39,28,536,189,375,194,56,3,1.625,1.2934210526315788,0.3315789473684212,14.105263157894736,4.973684210526316,9.868421052631579,1.4736842105263157,0.07894736842105263,12.5,1.868421052631579
2018/19,Arsenal,38,21,7,10,70,73,51,22,466,170,412,212,72,2,1.7052631578947368,1.5078947368421052,0.19736842105263164,12.263157894736842,4.473684210526316,10.842105263157896,1.894736842105263,0.05263157894736842,15.665236051502147,1.8421052631578947
2018/19,Man United,38,19,9,10,66,65,54,11,526,225,433,200,73,4,1.8057894736842106,1.3763157894736842,0.42947368421052645,13.842105263157896,5.921052631578948,11.394736842105264,1.9210526315789473,0.10526315789473684,12.357414448669202,1.736842105263158
2018/19,Wolves,38,16,9,13,57,47,46,1,474,151,409,195,72,1,1.3963157894736842,1.1234210526315789,0.2728947368421053,12.473684210526315,3.973684210526316,10.763157894736842,1.894736842105263,0.02631578947368421,9.915611814345992,1.5
2018/19,Everton,38,15,9,14,54,54,46,8,495,169,432,215,55,4,1.4176315789473684,1.2976315789473685,0.11999999999999988,13.026315789473685,4.447368421052632,11.368421052631579,1.4473684210526316,0.10526315789473684,10.909090909090908,1.4210526315789473
2018/19,Leicester,38,15,7,16,52,51,48,3,515,184,351,210,57,5,1.3713157894736843,1.174736842105263,0.1965789473684212,13.552631578947368,4.842105263157895,9.236842105263158,1.5,0.13157894736842105,9.902912621359224,1.368421052631579
2018/19,West Ham,38,15,7,16,52,52,55,-3,441,157,331,187,59,1,1.2621052631578948,1.7278947368421052,-0.4657894736842103,11.605263157894736,4.131578947368421,8.710526315789474,1.5526315789473684,0.02631578947368421,11.791383219954648,1.368421052631579
2018/19,Watford,38,14,8,16,50,52,59,-7,434,151,433,177,77,4,1.361315789473684,1.6655263157894737,-0.3042105263157897,11.421052631578947,3.973684210526316,11.394736842105264,2.026315789473684,0.10526315789473684,11.981566820276496,1.3157894736842106
2018/19,Crystal Palace,38,14,7,17,49,51,53,-2,491,146,386,205,58,2,1.3326315789473684,1.3894736842105262,-0.056842105263157805,12.921052631578947,3.8421052631578947,10.157894736842104,1.5263157894736843,0.05263157894736842,10.386965376782078,1.2894736842105263
2018/19,Bournemouth,38,13,6,19,45,56,70,-14,447,163,339,191,60,1,1.5476315789473685,1.6426315789473684,-0.09499999999999997,11.763157894736842,4.2894736842105265,8.921052631578947,1.5789473684210527,0.02631578947368421,12.527964205816556,1.1842105263157894
2018/19,Newcastle,38,12,9,17,45,42,48,-6,444,142,422,181,57,2,1.0502631578947368,1.5144736842105262,-0.4642105263157894,11.68421052631579,3.736842105263158,11.105263157894736,1.5,0.05263157894736842,9.45945945945946,1.1842105263157894
2018/19,Burnley,38,11,7,20,40,45,68,-23,359,115,359,140,75,1,1.1773684210526316,1.7400000000000002,-0.5626315789473686,9.447368421052632,3.026315789473684,9.447368421052632,1.9736842105263157,0.02631578947368421,12.534818941504177,1.0526315789473684
2018/19,Southampton,38,9,12,17,39,45,65,-20,480,162,420,193,71,3,1.3071052631578948,1.5597368421052633,-0.25263157894736854,12.631578947368421,4.2631578947368425,11.052631578947368,1.868421052631579,0.07894736842105263,9.375,1.0263157894736843
2018/19,Brighton,38,9,9,20,36,35,60,-25,365,108,463,156,60,4,0.9744736842105264,1.6436842105263159,-0.6692105263157895,9.605263157894736,2.8421052631578947,12.18421052631579,1.5789473684210527,0.10526315789473684,9.58904109589041,0.9473684210526315
2018/19,Cardiff,38,10,4,24,34,34,69,-35,417,126,384,168,65,1,1.0992105263157896,1.75,-0.6507894736842104,10.973684210526315,3.3157894736842106,10.105263157894736,1.7105263157894737,0.02631578947368421,8.15347721822542,0.8947368421052632
2018/19,Fulham,38,7,5,26,26,34,81,-47,453,149,423,161,68,2,1.121578947368421,1.9365789473684212,-0.8150000000000002,11.921052631578947,3.9210526315789473,11.131578947368421,1.7894736842105263,0.05263157894736842,7.505518763796909,0.6842105263157895
2018/19,Huddersfield,38,3,7,28,16,22,76,-54,400,118,420,162,55,4,0.7631578947368421,1.7681578947368422,-1.005,10.526315789473685,3.1052631578947367,11.052631578947368,1.4473684210526316,0.10526315789473684,5.5,0.42105263157894735
2019/20,Liverpool,38,32,3,3,99,85,33,52,590,231,331,258,38,1,1.9786842105263158,1.0413157894736842,0.9373684210526316,15.526315789473685,6.078947368421052,8.710526315789474,1.0,0.02631578947368421,14.40677966101695,2.6052631578947367
2019/20,Man City,38,26,3,9,81,102,35,67,745,263,361,298,60,4,2.689736842105263,0.9736842105263158,1.7160526315789473,19.605263157894736,6.921052631578948,9.5,1.5789473684210527,0.10526315789473684,13.691275167785236,2.1315789473684212
2019/20,Chelsea,38,20,6,12,66,69,54,15,625,223,386,247,60,0,2.0060526315789473,1.0813157894736842,0.9247368421052631,16.44736842105263,5.868421052631579,10.157894736842104,1.5789473684210527,0.0,11.04,1.736842105263158
2019/20,Man United,38,18,12,8,66,66,36,30,543,216,433,204,72,0,1.7418421052631579,1.0015789473684211,0.7402631578947367,14.289473684210526,5.684210526315789,11.394736842105264,1.894736842105263,0.0,12.154696132596685,1.736842105263158
2019/20,Leicester,38,18,8,12,62,67,41,26,537,190,418,222,41,3,1.6057894736842107,1.2602631578947368,0.3455263157894739,14.131578947368421,5.0,11.0,1.0789473684210527,0.07894736842105263,12.476722532588454,1.631578947368421
2019/20,Tottenham,38,16,11,11,59,61,47,14,445,160,423,200,82,3,1.29,1.4244736842105263,-0.1344736842105263,11.710526315789474,4.2105263157894735,11.131578947368421,2.1578947368421053,0.07894736842105263,13.707865168539326,1.5526315789473684
2019/20,Wolves,38,15,14,9,59,51,40,11,459,145,406,193,57,2,1.426842105263158,0.9839473684210527,0.44289473684210523,12.078947368421053,3.8157894736842106,10.68421052631579,1.5,0.05263157894736842,11.11111111111111,1.5526315789473684
2019/20,Arsenal,38,14,14,10,56,56,48,8,410,151,421,231,86,5,1.3373684210526315,1.506578947368421,-0.16921052631578948,10.789473684210526,3.973684210526316,11.078947368421053,2.263157894736842,0.13157894736842105,13.658536585365855,1.4736842105263157
2019/20,Burnley,38,15,9,14,54,43,50,-7,388,134,412,171,67,0,1.2986842105263159,1.416842105263158,-0.11815789473684202,10.210526315789474,3.526315789473684,10.842105263157896,1.763157894736842,0.0,11.082474226804123,1.4210526315789473
2019/20,Sheffield United,38,14,12,12,54,39,39,0,354,115,410,212,61,2,1.2055263157894738,1.3694736842105264,-0.16394736842105262,9.31578947368421,3.026315789473684,10.789473684210526,1.605263157894737,0.05263157894736842,11.016949152542372,1.4210526315789473
2019/20,Southampton,38,15,7,16,52,51,60,-9,500,181,450,210,53,4,1.486842105263158,1.4892105263157895,-0.002368421052631575,13.157894736842104,4.7631578947368425,11.842105263157896,1.394736842105263,0.10526315789473684,10.2,1.368421052631579
2019/20,Everton,38,13,10,15,49,44,56,-12,470,162,472,203,70,3,1.413421052631579,1.295,0.11842105263157898,12.368421052631579,4.2631578947368425,12.421052631578947,1.8421052631578947,0.07894736842105263,9.361702127659575,1.2894736842105263
2019/20,Newcastle,38,11,11,16,44,38,58,-20,395,131,370,151,65,3,0.9602631578947369,1.7639473684210527,-0.8036842105263158,10.394736842105264,3.4473684210526314,9.736842105263158,1.7105263157894737,0.07894736842105263,9.620253164556962,1.1578947368421053
2019/20,Crystal Palace,38,11,10,17,43,31,50,-19,376,120,425,177,61,2,0.9065789473684212,1.5102631578947368,-0.6036842105263156,9.894736842105264,3.1578947368421053,11.18421052631579,1.605263157894737,0.05263157894736842,8.24468085106383,1.131578947368421
2019/20,Brighton,38,9,14,15,41,39,54,-15,461,142,385,178,56,2,1.2478947368421054,1.59,-0.3421052631578947,12.131578947368421,3.736842105263158,10.131578947368421,1.4736842105263157,0.05263157894736842,8.459869848156181,1.0789473684210527
2019/20,West Ham,38,10,9,19,39,49,62,-13,417,163,387,190,62,1,1.2913157894736842,1.797894736842105,-0.5065789473684208,10.973684210526315,4.2894736842105265,10.18421052631579,1.631578947368421,0.02631578947368421,11.750599520383693,1.0263157894736843
2019/20,Aston Villa,38,9,8,21,35,41,67,-26,459,150,451,200,68,1,1.1865789473684212,1.8842105263157893,-0.6976315789473682,12.078947368421053,3.9473684210526314,11.868421052631579,1.7894736842105263,0.02631578947368421,8.932461873638346,0.9210526315789473
2019/20,Bournemouth,38,9,7,22,34,40,65,-25,389,121,369,194,73,3,1.1755263157894738,1.6655263157894737,-0.49,10.236842105263158,3.1842105263157894,9.710526315789474,1.9210526315789473,0.07894736842105263,10.282776349614396,0.8947368421052632
2019/20,Watford,38,8,10,20,34,36,64,-28,424,120,484,167,75,3,1.2778947368421054,1.566578947368421,-0.28868421052631565,11.157894736842104,3.1578947368421053,12.736842105263158,1.9736842105263157,0.07894736842105263,8.49056603773585,0.8947368421052632
2019/20,Norwich,38,5,6,27,21,26,75,-49,408,131,363,162,67,3,0.9797368421052631,1.8844736842105263,-0.9047368421052632,10.736842105263158,3.4473684210526314,9.552631578947368,1.763157894736842,0.07894736842105263,6.372549019607843,0.5526315789473685
2020/21,Man City,38,27,5,6,86,83,32,51,604,219,361,247,46,2,2.0452631578947367,0.8055263157894736,1.239736842105263,15.894736842105264,5.7631578947368425,9.5,1.2105263157894737,0.05263157894736842,13.741721854304636,2.263157894736842
2020/21,Man United,38,21,11,6,74,73,44,29,521,212,452,197,64,1,1.6623684210526317,1.1031578947368421,0.5592105263157896,13.710526315789474,5.578947368421052,11.894736842105264,1.6842105263157894,0.02631578947368421,14.011516314779271,1.9473684210526316
2020/21,Liverpool,38,20,9,9,69,68,42,26,608,214,396,260,40,0,1.9002631578947367,1.2447368421052631,0.6555263157894735,16.0,5.631578947368421,10.421052631578947,1.0526315789473684,0.0,11.18421052631579,1.8157894736842106
2020/21,Chelsea,38,19,10,9,67,58,36,22,558,209,433,227,48,3,1.8068421052631578,0.8131578947368421,0.9936842105263157,14.68421052631579,5.5,11.394736842105264,1.263157894736842,0.07894736842105263,10.39426523297491,1.763157894736842
2020/21,Leicester,38,20,6,12,66,68,50,18,484,185,416,214,60,0,1.5473684210526315,1.2386842105263158,0.30868421052631567,12.736842105263158,4.868421052631579,10.947368421052632,1.5789473684210527,0.0,14.049586776859504,1.736842105263158
2020/21,West Ham,38,19,8,11,65,62,47,15,468,165,374,168,48,3,1.5878947368421052,1.3121052631578947,0.2757894736842106,12.31578947368421,4.342105263157895,9.842105263157896,1.263157894736842,0.07894736842105263,13.247863247863249,1.7105263157894737
2020/21,Tottenham,38,18,8,12,62,68,45,23,444,176,439,168,53,2,1.4915789473684211,1.3828947368421052,0.10868421052631594,11.68421052631579,4.631578947368421,11.552631578947368,1.394736842105263,0.05263157894736842,15.315315315315313,1.631578947368421
2020/21,Arsenal,38,18,7,13,61,55,39,16,459,152,345,208,47,5,1.375,1.1376315789473683,0.23736842105263167,12.078947368421053,4.0,9.078947368421053,1.236842105263158,0.13157894736842105,11.982570806100219,1.605263157894737
2020/21,Everton,38,17,8,13,59,47,48,-1,400,148,386,167,58,2,1.2957894736842106,1.3199999999999998,-0.024210526315789238,10.526315789473685,3.8947368421052633,10.157894736842104,1.5263157894736843,0.05263157894736842,11.75,1.5526315789473684
2020/21,Leeds,38,18,5,15,59,62,54,8,522,199,427,231,61,1,1.5594736842105263,1.658421052631579,-0.09894736842105267,13.736842105263158,5.2368421052631575,11.236842105263158,1.605263157894737,0.02631578947368421,11.877394636015326,1.5526315789473684
2020/21,Aston Villa,38,16,7,15,55,55,46,9,511,187,439,215,63,3,1.4926315789473683,1.4013157894736843,0.09131578947368402,13.447368421052632,4.921052631578948,11.552631578947368,1.6578947368421053,0.07894736842105263,10.76320939334638,1.4473684210526316
2020/21,Newcastle,38,12,9,17,45,46,62,-16,397,142,388,161,61,3,1.156842105263158,1.5794736842105264,-0.42263157894736847,10.447368421052632,3.736842105263158,10.210526315789474,1.605263157894737,0.07894736842105263,11.586901763224182,1.1842105263157894
2020/21,Wolves,38,12,9,17,45,36,52,-16,462,154,425,209,53,0,1.016315789473684,1.3734210526315789,-0.3571052631578948,12.157894736842104,4.052631578947368,11.18421052631579,1.394736842105263,0.0,7.792207792207792,1.1842105263157894
2020/21,Crystal Palace,38,12,8,18,44,41,66,-25,349,131,409,151,54,2,0.9286842105263158,1.6289473684210527,-0.7002631578947369,9.18421052631579,3.4473684210526314,10.763157894736842,1.4210526315789473,0.05263157894736842,11.74785100286533,1.1578947368421053
2020/21,Southampton,38,12,7,19,43,47,68,-21,423,166,426,178,52,3,1.191578947368421,1.5407894736842105,-0.3492105263157894,11.131578947368421,4.368421052631579,11.210526315789474,1.368421052631579,0.07894736842105263,11.11111111111111,1.131578947368421
2020/21,Brighton,38,9,14,15,41,40,46,-6,487,143,427,219,45,6,1.4163157894736842,1.0502631578947368,0.3660526315789474,12.81578947368421,3.763157894736842,11.236842105263158,1.1842105263157894,0.15789473684210525,8.213552361396303,1.0789473684210527
2020/21,Burnley,38,10,9,19,39,33,55,-22,384,130,384,172,48,0,1.003421052631579,1.5542105263157895,-0.5507894736842105,10.105263157894736,3.4210526315789473,10.105263157894736,1.263157894736842,0.0,8.59375,1.0263157894736843
2020/21,Fulham,38,5,13,20,28,27,53,-26,442,136,484,164,66,3,1.0805263157894738,1.516842105263158,-0.4363157894736842,11.631578947368421,3.5789473684210527,12.736842105263158,1.736842105263158,0.07894736842105263,6.108597285067873,0.7368421052631579
2020/21,West Brom,38,5,11,22,26,35,76,-41,340,112,404,145,51,4,0.9202631578947368,1.948421052631579,-1.0281578947368422,8.947368421052632,2.9473684210526314,10.631578947368421,1.3421052631578947,0.10526315789473684,10.294117647058822,0.6842105263157895
2020/21,Sheffield United,38,7,2,29,23,20,63,-43,325,99,459,171,73,3,0.8726315789473683,1.7397368421052632,-0.8671052631578949,8.552631578947368,2.6052631578947367,12.078947368421053,1.9210526315789473,0.07894736842105263,6.153846153846154,0.6052631578947368
2021/22,Man City,38,29,6,3,93,99,26,73,715,254,320,317,42,1,2.4578947368421056,0.663421052631579,1.7944736842105264,18.81578947368421,6.684210526315789,8.421052631578947,1.105263157894737,0.02631578947368421,13.846153846153847,2.4473684210526314
2021/22,Liverpool,38,28,8,2,92,94,26,68,730,256,363,285,50,1,2.4478947368421053,0.8613157894736841,1.5865789473684213,19.210526315789473,6.7368421052631575,9.552631578947368,1.3157894736842106,0.02631578947368421,12.876712328767123,2.4210526315789473
2021/22,Chelsea,38,21,11,6,74,76,33,43,592,211,409,242,63,1,1.8236842105263158,0.9242105263157894,0.8994736842105264,15.578947368421053,5.552631578947368,10.763157894736842,1.6578947368421053,0.02631578947368421,12.837837837837837,1.9473684210526316
2021/22,Tottenham,38,22,5,11,71,69,40,29,491,198,386,195,67,1,1.7881578947368422,1.1500000000000001,0.638157894736842,12.921052631578947,5.2105263157894735,10.157894736842104,1.763157894736842,0.02631578947368421,14.052953156822811,1.868421052631579
2021/22,Arsenal,38,22,3,13,69,61,48,13,588,197,363,209,60,4,1.668157894736842,1.273421052631579,0.39473684210526305,15.473684210526315,5.184210526315789,9.552631578947368,1.5789473684210527,0.10526315789473684,10.374149659863946,1.8157894736842106
2021/22,Man United,38,16,10,12,58,57,57,0,508,187,395,199,75,2,1.5055263157894736,1.4960526315789473,0.0094736842105263,13.368421052631579,4.921052631578948,10.394736842105264,1.9736842105263157,0.05263157894736842,11.220472440944881,1.5263157894736843
2021/22,West Ham,38,16,8,14,56,60,51,9,433,158,324,191,47,3,1.4468421052631577,1.4178947368421053,0.02894736842105239,11.394736842105264,4.157894736842105,8.526315789473685,1.236842105263158,0.07894736842105263,13.856812933025402,1.4736842105263157
2021/22,Leicester,38,14,10,14,52,62,59,3,435,169,356,185,54,1,1.3023684210526316,1.7397368421052632,-0.43736842105263163,11.447368421052632,4.447368421052632,9.368421052631579,1.4210526315789473,0.02631578947368421,14.25287356321839,1.368421052631579
2021/22,Brighton,38,12,15,11,51,42,44,-2,490,152,393,202,71,2,1.3044736842105262,1.2423684210526316,0.06210526315789466,12.894736842105264,4.0,10.342105263157896,1.868421052631579,0.05263157894736842,8.571428571428571,1.3421052631578947
2021/22,Wolves,38,15,6,17,51,38,43,-5,402,136,365,168,59,2,1.0273684210526315,1.5389473684210526,-0.5115789473684211,10.578947368421053,3.5789473684210527,9.605263157894736,1.5526315789473684,0.05263157894736842,9.45273631840796,1.3421052631578947
2021/22,Newcastle,38,13,10,15,49,44,62,-18,448,148,391,160,79,1,1.0928947368421054,1.6502631578947369,-0.5573684210526315,11.789473684210526,3.8947368421052633,10.289473684210526,2.0789473684210527,0.02631578947368421,9.821428571428571,1.2894736842105263
2021/22,Crystal Palace,38,11,15,12,48,50,46,4,412,147,415,176,67,1,1.2852631578947369,1.0876315789473683,0.1976315789473686,10.842105263157896,3.8684210526315788,10.921052631578947,1.763157894736842,0.02631578947368421,12.135922330097088,1.263157894736842
2021/22,Brentford,38,13,7,18,46,48,56,-8,442,154,371,159,61,3,1.391842105263158,1.3026315789473684,0.08921052631578963,11.631578947368421,4.052631578947368,9.763157894736842,1.605263157894737,0.07894736842105263,10.85972850678733,1.2105263157894737
2021/22,Aston Villa,38,13,6,19,45,52,54,-2,454,162,401,196,77,2,1.135,1.3973684210526316,-0.2623684210526316,11.947368421052632,4.2631578947368425,10.552631578947368,2.026315789473684,0.05263157894736842,11.45374449339207,1.1842105263157894
2021/22,Southampton,38,9,13,16,40,43,67,-24,482,170,402,234,63,2,1.2460526315789473,1.6989473684210528,-0.45289473684210546,12.68421052631579,4.473684210526316,10.578947368421053,1.6578947368421053,0.05263157894736842,8.921161825726141,1.0526315789473684
2021/22,Everton,38,11,6,21,39,43,66,-23,438,138,368,161,76,6,1.170263157894737,1.5971052631578946,-0.4268421052631577,11.526315789473685,3.6315789473684212,9.68421052631579,2.0,0.15789473684210525,9.817351598173515,1.0263157894736843
2021/22,Leeds,38,9,11,18,38,42,79,-37,485,154,469,171,100,3,1.3471052631578946,1.8765789473684211,-0.5294736842105265,12.763157894736842,4.052631578947368,12.342105263157896,2.6315789473684212,0.07894736842105263,8.65979381443299,1.0
2021/22,Burnley,38,7,14,17,35,34,53,-19,407,125,394,184,68,2,1.081842105263158,1.5847368421052632,-0.5028947368421053,10.710526315789474,3.289473684210526,10.368421052631579,1.7894736842105263,0.05263157894736842,8.353808353808354,0.9210526315789473
2021/22,Watford,38,6,5,27,23,34,77,-43,396,127,440,162,57,3,1.0352631578947369,1.7771052631578947,-0.7418421052631579,10.421052631578947,3.3421052631578947,11.578947368421053,1.5,0.07894736842105263,8.585858585858585,0.6052631578947368
2021/22,Norwich,38,5,7,26,22,23,84,-61,374,109,356,165,55,2,0.8292105263157895,2.1073684210526316,-1.2781578947368422,9.842105263157896,2.8684210526315788,9.368421052631579,1.4473684210526316,0.05263157894736842,6.149732620320856,0.5789473684210527
2022/23,Man City,38,28,5,5,89,94,33,61,603,219,347,240,43,1,2.2189473684210523,0.9002631578947369,1.3186842105263155,15.868421052631579,5.7631578947368425,9.131578947368421,1.131578947368421,0.02631578947368421,15.58872305140962,2.3421052631578947
2022/23,Arsenal,38,26,6,6,84,88,43,45,593,204,373,223,51,0,2.0134210526315792,1.1884210526315788,0.8250000000000004,15.605263157894736,5.368421052631579,9.81578947368421,1.3421052631578947,0.0,14.839797639123104,2.210526315789474
2022/23,Man United,38,23,6,9,75,58,43,15,592,214,423,195,78,1,1.892105263157895,1.3234210526315788,0.5686842105263161,15.578947368421053,5.631578947368421,11.131578947368421,2.0526315789473686,0.02631578947368421,9.797297297297296,1.9736842105263157
2022/23,Newcastle,38,19,14,5,71,68,33,35,571,197,406,270,57,1,2.0257894736842106,1.101578947368421,0.9242105263157896,15.026315789473685,5.184210526315789,10.68421052631579,1.5,0.02631578947368421,11.908931698774081,1.868421052631579
2022/23,Liverpool,38,19,10,9,67,75,47,28,605,212,405,236,57,1,2.1255263157894735,1.4676315789473684,0.6578947368421051,15.921052631578947,5.578947368421052,10.657894736842104,1.5,0.02631578947368421,12.396694214876034,1.763157894736842
2022/23,Brighton,38,18,8,12,62,72,53,19,612,231,426,233,59,0,2.0452631578947367,1.319736842105263,0.7255263157894736,16.105263157894736,6.078947368421052,11.210526315789474,1.5526315789473684,0.0,11.76470588235294,1.631578947368421
2022/23,Aston Villa,38,18,7,13,61,51,46,5,431,151,417,165,80,1,1.3157894736842106,1.42,-0.10421052631578931,11.342105263157896,3.973684210526316,10.973684210526315,2.1052631578947367,0.02631578947368421,11.832946635730858,1.605263157894737
2022/23,Tottenham,38,18,6,14,60,70,63,7,520,200,423,203,75,3,1.5218421052631579,1.3594736842105262,0.16236842105263172,13.68421052631579,5.2631578947368425,11.131578947368421,1.9736842105263157,0.07894736842105263,13.461538461538462,1.5789473684210527
2022/23,Brentford,38,15,14,9,59,58,46,12,397,162,354,163,55,1,1.5586842105263157,1.3539473684210528,0.20473684210526288,10.447368421052632,4.2631578947368425,9.31578947368421,1.4473684210526316,0.02631578947368421,14.609571788413097,1.5526315789473684
2022/23,Fulham,38,15,7,16,52,55,53,2,429,149,411,185,80,1,1.2626315789473683,1.881315789473684,-0.6186842105263157,11.289473684210526,3.9210526315789473,10.81578947368421,2.1052631578947367,0.02631578947368421,12.82051282051282,1.368421052631579
2022/23,Crystal Palace,38,11,12,15,45,40,49,-9,425,136,446,186,78,3,1.071578947368421,1.358684210526316,-0.287105263157895,11.18421052631579,3.5789473684210527,11.736842105263158,2.0526315789473686,0.07894736842105263,9.411764705882353,1.1842105263157894
2022/23,Chelsea,38,11,11,16,44,38,47,-9,484,158,397,209,77,3,1.3655263157894737,1.421578947368421,-0.056052631578947354,12.736842105263158,4.157894736842105,10.447368421052632,2.026315789473684,0.07894736842105263,7.851239669421488,1.1578947368421053
2022/23,Wolves,38,11,8,19,41,31,58,-27,413,125,463,186,83,5,0.9244736842105263,1.6494736842105262,-0.7249999999999999,10.868421052631579,3.289473684210526,12.18421052631579,2.1842105263157894,0.13157894736842105,7.506053268765134,1.0789473684210527
2022/23,West Ham,38,11,7,20,40,42,55,-13,474,145,361,207,44,0,1.3476315789473685,1.4555263157894738,-0.10789473684210527,12.473684210526315,3.8157894736842106,9.5,1.1578947368421053,0.0,8.860759493670885,1.0526315789473684
2022/23,Bournemouth,38,11,6,21,39,37,71,-34,355,133,391,144,68,0,1.0547368421052632,1.7789473684210524,-0.7242105263157892,9.342105263157896,3.5,10.289473684210526,1.7894736842105263,0.0,10.422535211267606,1.0263157894736843
2022/23,Nott'm Forest,38,9,11,18,38,38,68,-30,368,118,445,128,84,0,1.0413157894736842,1.801578947368421,-0.7602631578947368,9.68421052631579,3.1052631578947367,11.710526315789474,2.210526315789474,0.0,10.326086956521738,1.0
2022/23,Everton,38,8,12,18,36,34,57,-23,429,152,396,175,79,2,1.2802631578947368,1.8047368421052632,-0.5244736842105264,11.289473684210526,4.0,10.421052631578947,2.0789473684210527,0.05263157894736842,7.925407925407925,0.9473684210526315
2022/23,Leicester,38,9,7,22,34,51,68,-17,417,152,411,135,58,2,1.2892105263157896,1.5734210526315788,-0.28421052631578925,10.973684210526315,4.0,10.81578947368421,1.5263157894736843,0.05263157894736842,12.23021582733813,0.8947368421052632
2022/23,Leeds,38,7,10,21,31,48,78,-30,465,145,456,201,84,3,1.2578947368421052,1.8310526315789473,-0.5731578947368421,12.236842105263158,3.8157894736842106,12.0,2.210526315789474,0.07894736842105263,10.32258064516129,0.8157894736842105
2022/23,Southampton,38,6,7,25,25,36,73,-37,417,142,430,157,73,0,1.033421052631579,1.6552631578947368,-0.6218421052631578,10.973684210526315,3.736842105263158,11.31578947368421,1.9210526315789473,0.0,8.633093525179856,0.6578947368421053
2023/24,Man City,38,28,7,3,91,96,34,62,690,278,287,282,51,2,2.356578947368421,0.9807894736842107,1.3757894736842102,18.157894736842106,7.315789473684211,7.552631578947368,1.3421052631578947,0.05263157894736842,13.91304347826087,2.3947368421052633
2023/24,Arsenal,38,28,5,5,89,91,29,62,657,227,391,256,62,2,2.2207894736842104,0.8363157894736842,1.3844736842105263,17.289473684210527,5.973684210526316,10.289473684210526,1.631578947368421,0.05263157894736842,13.850837138508371,2.3421052631578947
2023/24,Liverpool,38,24,10,4,82,86,41,45,790,277,462,287,65,5,2.4944736842105266,1.2473684210526315,1.2471052631578952,20.789473684210527,7.2894736842105265,12.157894736842104,1.7105263157894737,0.13157894736842105,10.886075949367088,2.1578947368421053
2023/24,Aston Villa,38,20,8,10,68,76,61,15,514,190,413,233,94,2,1.7742105263157895,1.7126315789473683,0.06157894736842118,13.526315789473685,5.0,10.868421052631579,2.473684210526316,0.05263157894736842,14.785992217898833,1.7894736842105263
2023/24,Tottenham,38,20,6,12,66,74,61,13,582,214,425,235,88,4,1.9302631578947367,1.791315789473684,0.1389473684210527,15.31578947368421,5.631578947368421,11.18421052631579,2.3157894736842106,0.10526315789473684,12.714776632302405,1.736842105263158
2023/24,Chelsea,38,18,9,11,63,77,63,14,548,215,445,203,104,3,2.128421052631579,1.6473684210526316,0.4810526315789474,14.421052631578947,5.657894736842105,11.710526315789474,2.736842105263158,0.07894736842105263,14.051094890510948,1.6578947368421053
2023/24,Man United,38,18,6,14,60,57,58,-1,550,193,398,226,80,1,1.5876315789473683,1.9673684210526317,-0.3797368421052634,14.473684210526315,5.078947368421052,10.473684210526315,2.1052631578947367,0.02631578947368421,10.363636363636363,1.5789473684210527
2023/24,Newcastle,38,18,6,14,60,85,62,23,551,213,385,193,76,1,2.223157894736842,1.6436842105263159,0.5794736842105261,14.5,5.605263157894737,10.131578947368421,2.0,0.02631578947368421,15.426497277676951,1.5789473684210527
2023/24,West Ham,38,14,10,14,52,60,74,-14,450,150,390,168,76,3,1.435,2.0502631578947366,-0.6152631578947365,11.842105263157896,3.9473684210526314,10.263157894736842,2.0,0.07894736842105263,13.333333333333334,1.368421052631579
2023/24,Crystal Palace,38,13,10,15,49,57,58,-1,456,169,456,178,69,2,1.4194736842105262,1.5260526315789473,-0.1065789473684211,12.0,4.447368421052632,12.0,1.8157894736842106,0.05263157894736842,12.5,1.2894736842105263
2023/24,Bournemouth,38,13,9,16,48,54,67,-13,542,185,506,236,80,3,1.677894736842105,1.7239473684210527,-0.04605263157894757,14.263157894736842,4.868421052631579,13.31578947368421,2.1052631578947367,0.07894736842105263,9.96309963099631,1.263157894736842
2023/24,Brighton,38,12,12,14,48,55,62,-7,562,208,414,206,89,3,1.6292105263157894,1.6036842105263158,0.02552631578947362,14.789473684210526,5.473684210526316,10.894736842105264,2.3421052631578947,0.07894736842105263,9.786476868327403,1.263157894736842
2023/24,Everton,38,13,9,16,48,40,51,-11,507,162,457,185,79,1,1.5986842105263157,1.5857894736842104,0.012894736842105292,13.342105263157896,4.2631578947368425,12.026315789473685,2.0789473684210527,0.02631578947368421,7.889546351084813,1.263157894736842
2023/24,Fulham,38,13,8,17,47,55,61,-6,500,178,384,212,77,4,1.3897368421052632,1.760526315789474,-0.3707894736842108,13.157894736842104,4.684210526315789,10.105263157894736,2.026315789473684,0.10526315789473684,11.0,1.236842105263158
2023/24,Wolves,38,13,7,18,46,50,65,-15,427,159,477,158,98,4,1.3328947368421051,2.002894736842105,-0.6699999999999999,11.236842105263158,4.184210526315789,12.552631578947368,2.5789473684210527,0.10526315789473684,11.7096018735363,1.2105263157894737
2023/24,Brentford,38,10,9,19,39,56,65,-9,473,172,384,185,88,2,1.691842105263158,1.5857894736842104,0.10605263157894762,12.447368421052632,4.526315789473684,10.105263157894736,2.3157894736842106,0.05263157894736842,11.839323467230443,1.0263157894736843
2023/24,Nott'm Forest,38,9,9,20,36,49,67,-18,451,148,428,148,75,3,1.3726315789473684,1.480263157894737,-0.10763157894736852,11.868421052631579,3.8947368421052633,11.263157894736842,1.9736842105263157,0.07894736842105263,10.864745011086473,0.9473684210526315
2023/24,Luton,38,6,8,24,26,52,85,-33,431,141,443,204,71,0,1.3123684210526314,2.4118421052631582,-1.0994736842105268,11.342105263157896,3.710526315789474,11.657894736842104,1.868421052631579,0.0,12.064965197215777,0.6842105263157895
2023/24,Burnley,38,5,9,24,24,41,78,-37,433,142,427,181,71,7,1.1431578947368422,1.9926315789473683,-0.8494736842105262,11.394736842105264,3.736842105263158,11.236842105263158,1.868421052631579,0.18421052631578946,9.468822170900692,0.631578947368421
2023/24,Sheffield United,38,3,7,28,16,35,104,-69,368,129,423,142,93,5,1.0871052631578948,2.2555263157894734,-1.1684210526315786,9.68421052631579,3.3947368421052633,11.131578947368421,2.4473684210526314,0.13157894736842105,9.510869565217392,0.42105263157894735
2024/25,Liverpool,38,25,9,4,84,86,41,45,648,231,430,253,64,3,2.4536842105263155,1.1136842105263158,1.3399999999999996,17.05263157894737,6.078947368421052,11.31578947368421,1.6842105263157894,0.07894736842105263,13.271604938271606,2.210526315789474
2024/25,Arsenal,38,20,14,4,74,69,34,35,547,188,400,251,64,6,1.9360526315789472,1.0521052631578947,0.8839473684210526,14.394736842105264,4.947368421052632,10.526315789473685,1.6842105263157894,0.15789473684210525,12.614259597806216,1.9473684210526316
2024/25,Man City,38,21,8,9,71,72,44,28,607,217,287,253,57,2,1.925,1.3921052631578947,0.5328947368421053,15.973684210526315,5.7105263157894735,7.552631578947368,1.5,0.05263157894736842,11.86161449752883,1.868421052631579
2024/25,Chelsea,38,20,9,9,69,64,43,21,595,218,436,236,98,2,1.9242105263157896,1.427894736842105,0.4963157894736845,15.657894736842104,5.7368421052631575,11.473684210526315,2.5789473684210527,0.05263157894736842,10.756302521008404,1.8157894736842106
2024/25,Aston Villa,38,19,9,10,66,58,51,7,484,170,406,232,72,4,1.7471052631578947,1.4473684210526316,0.2997368421052631,12.736842105263158,4.473684210526316,10.68421052631579,1.894736842105263,0.10526315789473684,11.983471074380166,1.736842105263158
2024/25,Newcastle,38,20,6,12,66,68,47,21,524,174,394,218,68,1,1.8810526315789475,1.4205263157894736,0.4605263157894739,13.789473684210526,4.578947368421052,10.368421052631579,1.7894736842105263,0.02631578947368421,12.977099236641221,1.736842105263158
2024/25,Nott'm Forest,38,19,8,11,65,58,46,12,463,166,391,160,85,2,1.388157894736842,1.471578947368421,-0.08342105263157906,12.18421052631579,4.368421052631579,10.289473684210526,2.236842105263158,0.05263157894736842,12.526997840172784,1.7105263157894737
2024/25,Brighton,38,16,13,9,61,66,59,7,533,191,438,189,72,3,1.7178947368421054,1.5557894736842104,0.16210526315789497,14.026315789473685,5.026315789473684,11.526315789473685,1.894736842105263,0.07894736842105263,12.382739212007504,1.605263157894737
2024/25,Bournemouth,38,15,11,12,56,58,46,12,580,202,514,229,97,3,1.9110526315789476,1.4207894736842106,0.49026315789473696,15.263157894736842,5.315789473684211,13.526315789473685,2.5526315789473686,0.07894736842105263,10.0,1.4736842105263157
2024/25,Brentford,38,16,8,14,56,66,57,9,441,184,319,175,62,1,1.7663157894736843,1.601578947368421,0.1647368421052633,11.605263157894736,4.842105263157895,8.394736842105264,1.631578947368421,0.02631578947368421,14.965986394557824,1.4736842105263157
2024/25,Fulham,38,15,9,14,54,54,54,0,521,173,432,205,80,2,1.5263157894736843,1.2955263157894736,0.23078947368421066,13.710526315789474,4.552631578947368,11.368421052631579,2.1052631578947367,0.05263157894736842,10.36468330134357,1.4210526315789473
2024/25,Crystal Palace,38,13,14,11,53,51,51,0,516,186,417,172,75,4,1.7836842105263158,1.5494736842105263,0.23421052631578942,13.578947368421053,4.894736842105263,10.973684210526315,1.9736842105263157,0.10526315789473684,9.883720930232558,1.394736842105263
2024/25,Everton,38,11,15,12,48,42,44,-2,405,144,430,156,80,2,1.233421052631579,1.4121052631578948,-0.17868421052631578,10.657894736842104,3.789473684210526,11.31578947368421,2.1052631578947367,0.05263157894736842,10.37037037037037,1.263157894736842
2024/25,West Ham,38,11,10,17,43,46,62,-16,476,146,443,154,78,3,1.3313157894736842,1.791842105263158,-0.4605263157894737,12.526315789473685,3.8421052631578947,11.657894736842104,2.0526315789473686,0.07894736842105263,9.663865546218489,1.131578947368421
2024/25,Man United,38,11,9,18,42,44,54,-10,527,174,413,200,83,3,1.4976315789473684,1.598157894736842,-0.10052631578947357,13.868421052631579,4.578947368421052,10.868421052631579,2.1842105263157894,0.07894736842105263,8.349146110056926,1.105263157894737
2024/25,Wolves,38,12,6,20,42,54,69,-15,431,160,480,149,74,2,1.1939473684210526,1.6202631578947368,-0.4263157894736842,11.342105263157896,4.2105263157894735,12.631578947368421,1.9473684210526316,0.05263157894736842,12.529002320185615,1.105263157894737
2024/25,Tottenham,38,11,5,22,38,64,65,-1,497,185,446,243,70,1,1.72,1.7955263157894739,-0.07552631578947389,13.078947368421053,4.868421052631579,11.736842105263158,1.8421052631578947,0.02631578947368421,12.877263581488934,1.0
2024/25,Leicester,38,6,7,25,25,33,80,-47,335,111,420,141,87,0,1.0015789473684211,2.260263157894737,-1.2586842105263158,8.81578947368421,2.9210526315789473,11.052631578947368,2.289473684210526,0.0,9.850746268656717,0.6578947368421053
2024/25,Ipswich,38,4,10,24,22,36,82,-46,376,127,430,145,84,5,1.0636842105263158,2.203421052631579,-1.1397368421052634,9.894736842105264,3.3421052631578947,11.31578947368421,2.210526315789474,0.13157894736842105,9.574468085106384,0.5789473684210527
2024/25,Southampton,38,2,6,30,12,26,86,-60,343,111,459,152,89,3,1.016578947368421,2.5881578947368418,-1.5715789473684207,9.026315789473685,2.9210526315789473,12.078947368421053,2.3421052631578947,0.07894736842105263,7.580174927113703,0.3157894736842105
2025/26,Arsenal,38,26,7,5,85,71,27,44,552,186,391,216,51,0,2.0392105263157894,0.871842105263158,1.1673684210526314,14.526315789473685,4.894736842105263,10.289473684210526,1.3421052631578947,0.0,12.862318840579709,2.236842105263158
2025/26,Man City,38,23,9,6,78,77,35,42,595,205,367,247,67,0,2.088421052631579,1.223421052631579,0.865,15.657894736842104,5.394736842105263,9.657894736842104,1.763157894736842,0.0,12.941176470588237,2.0526315789473686
2025/26,Man United,38,20,11,7,71,69,50,19,596,216,391,182,62,3,1.8997368421052632,1.323157894736842,0.5765789473684211,15.68421052631579,5.684210526315789,10.289473684210526,1.631578947368421,0.07894736842105263,11.577181208053691,1.868421052631579
2025/26,Aston Villa,38,19,8,11,65,56,49,7,483,170,379,199,58,1,1.4789473684210528,1.4915789473684211,-0.012631578947368327,12.710526315789474,4.473684210526316,9.973684210526315,1.5263157894736843,0.02631578947368421,11.594202898550725,1.7105263157894737
2025/26,Liverpool,38,17,9,12,60,63,53,10,588,175,383,232,57,1,1.7700000000000002,1.4176315789473684,0.3523684210526319,15.473684210526315,4.605263157894737,10.078947368421053,1.5,0.02631578947368421,10.714285714285714,1.5789473684210527
2025/26,Bournemouth,38,13,18,7,57,58,54,4,525,178,457,212,88,2,1.7586842105263158,1.4939473684210527,0.26473684210526316,13.81578947368421,4.684210526315789,12.026315789473685,2.3157894736842106,0.05263157894736842,11.047619047619047,1.5
2025/26,Sunderland,38,14,12,12,54,42,48,-6,395,126,407,141,80,3,1.1352631578947368,1.5878947368421052,-0.4526315789473685,10.394736842105264,3.3157894736842106,10.710526315789474,2.1052631578947367,0.07894736842105263,10.632911392405063,1.4210526315789473
2025/26,Brentford,38,14,11,13,53,55,52,3,405,147,390,182,69,0,1.743684210526316,1.5555263157894736,0.1881578947368423,10.657894736842104,3.8684210526315788,10.263157894736842,1.8157894736842106,0.0,13.580246913580247,1.394736842105263
2025/26,Brighton,38,14,11,13,53,52,46,6,495,176,453,185,86,0,1.5373684210526317,1.4144736842105263,0.12289473684210539,13.026315789473685,4.631578947368421,11.921052631578947,2.263157894736842,0.0,10.505050505050505,1.394736842105263
2025/26,Chelsea,38,14,10,14,52,58,52,6,511,164,426,231,89,7,1.9002631578947367,1.5294736842105263,0.37078947368421034,13.447368421052632,4.315789473684211,11.210526315789474,2.3421052631578947,0.18421052631578946,11.350293542074363,1.368421052631579
2025/26,Fulham,38,15,7,16,52,47,51,-4,481,138,414,188,75,1,1.3047368421052632,1.6010526315789475,-0.2963157894736843,12.657894736842104,3.6315789473684212,10.894736842105264,1.9736842105263157,0.02631578947368421,9.771309771309772,1.368421052631579
2025/26,Everton,38,13,10,15,49,47,50,-3,420,144,405,163,73,5,1.3123684210526314,1.578684210526316,-0.2663157894736845,11.052631578947368,3.789473684210526,10.657894736842104,1.9210526315789473,0.13157894736842105,11.190476190476192,1.2894736842105263
2025/26,Newcastle,38,14,7,17,49,53,55,-2,492,176,386,231,63,2,1.595,1.5081578947368421,0.08684210526315783,12.947368421052632,4.631578947368421,10.157894736842104,1.6578947368421053,0.05263157894736842,10.772357723577237,1.2894736842105263
2025/26,Leeds,38,11,14,13,47,49,56,-7,478,151,398,168,62,1,1.5728947368421053,1.4823684210526316,0.09052631578947379,12.578947368421053,3.973684210526316,10.473684210526315,1.631578947368421,0.02631578947368421,10.251046025104603,1.236842105263158
2025/26,Crystal Palace,38,11,12,15,45,41,51,-10,442,141,398,160,74,2,1.6436842105263159,1.5802631578947368,0.06342105263157904,11.631578947368421,3.710526315789474,10.473684210526315,1.9473684210526316,0.05263157894736842,9.276018099547512,1.1842105263157894
2025/26,Nott'm Forest,38,11,11,16,44,48,51,-3,476,156,407,199,60,0,1.2878947368421052,1.7036842105263157,-0.4157894736842105,12.526315789473685,4.105263157894737,10.710526315789474,1.5789473684210527,0.0,10.084033613445378,1.1578947368421053
2025/26,Tottenham,38,10,11,17,41,48,57,-9,436,150,463,208,101,3,1.2315789473684209,1.4628947368421052,-0.23131578947368436,11.473684210526315,3.9473684210526314,12.18421052631579,2.6578947368421053,0.07894736842105263,11.009174311926607,1.0789473684210527
2025/26,West Ham,38,10,9,19,39,46,65,-19,404,142,421,187,67,3,1.3063157894736843,1.7926315789473686,-0.48631578947368426,10.631578947368421,3.736842105263158,11.078947368421053,1.763157894736842,0.07894736842105263,11.386138613861387,1.0263157894736843
2025/26,Burnley,38,4,10,24,22,38,75,-37,355,118,394,138,64,2,0.9721052631578947,2.173157894736842,-1.2010526315789476,9.342105263157896,3.1052631578947367,10.368421052631579,1.6842105263157894,0.05263157894736842,10.704225352112676,0.5789473684210527
2025/26,Wolves,38,3,11,24,20,27,68,-41,370,123,494,130,78,3,1.011578947368421,1.7973684210526315,-0.7857894736842106,9.736842105263158,3.236842105263158,13.0,2.0526315789473686,0.07894736842105263,7.297297297297297,0.5263157894736842
