Season,Team,Matches_Played,Wins,Draws,Losses,Points,Goals_Scored,Goals_Conceded,Goal_Difference,Shots,Shots_On_Target,Fouls,Corners,Yellow_Cards,Red_Cards
2016/17,Chelsea,38,30,3,5,93,85,33,52,580,204,394,218,72,0
2016/17,Tottenham,38,26,8,4,86,86,26,60,669,257,432,273,62,0
2016/17,Man City,38,23,9,6,78,80,39,41,633,217,395,280,71,4
2016/17,Liverpool,38,22,10,6,76,78,42,36,638,236,397,249,54,0
2016/17,Arsenal,38,23,6,9,75,77,44,33,565,200,397,227,67,3
2016/17,Man United,38,18,15,5,69,54,29,25,589,210,497,217,76,2
2016/17,Everton,38,17,10,11,61,62,44,18,498,192,459,196,71,2
2016/17,Bournemouth,38,12,10,16,46,55,67,-12,446,160,366,191,51,3
2016/17,Southampton,38,12,10,16,46,41,48,-7,548,179,424,200,58,2
2016/17,West Brom,38,12,9,17,45,43,51,-8,400,123,449,158,80,0
2016/17,West Ham,38,12,9,17,45,47,64,-17,496,138,408,172,77,5
2016/17,Leicester,38,12,8,18,44,48,63,-15,432,145,451,197,71,1
2016/17,Stoke,38,11,11,16,44,41,56,-15,426,137,434,188,70,2
2016/17,Crystal Palace,38,12,5,21,41,50,63,-13,438,138,469,202,77,0
2016/17,Swansea,38,12,5,21,41,45,70,-25,390,146,401,196,56,0
2016/17,Burnley,38,11,7,20,40,39,55,-16,390,120,426,149,65,2
2016/17,Watford,38,11,7,20,40,40,68,-28,419,144,517,164,83,5
2016/17,Hull,38,9,7,22,34,37,80,-43,396,127,403,179,67,5
2016/17,Middlesbrough,38,5,13,20,28,27,53,-26,349,100,478,141,76,1
2016/17,Sunderland,38,6,6,26,24,29,69,-40,387,121,437,160,76,4
2017/18,Man City,38,32,4,2,100,106,27,79,664,261,344,284,58,2
2017/18,Man United,38,25,6,7,81,68,28,40,513,181,404,220,64,1
2017/18,Tottenham,38,23,8,7,77,74,36,38,622,217,384,246,49,2
2017/18,Liverpool,38,21,12,5,75,84,38,46,640,233,344,230,44,1
2017/18,Chelsea,38,21,7,10,70,62,38,24,606,220,363,230,41,4
2017/18,Arsenal,38,19,6,13,63,74,51,23,593,234,383,225,57,2
2017/18,Burnley,38,14,12,12,54,36,39,-3,379,127,350,167,65,0
2017/18,Everton,38,13,10,15,49,44,58,-14,360,122,459,150,51,3
2017/18,Leicester,38,12,11,15,47,56,60,-4,422,148,365,203,52,5
2017/18,Bournemouth,38,11,11,16,44,45,61,-16,467,158,339,218,55,1
2017/18,Crystal Palace,38,11,11,16,44,45,55,-10,475,151,425,209,71,0
2017/18,Newcastle,38,12,8,18,44,39,47,-8,449,150,409,167,52,2
2017/18,West Ham,38,10,12,16,42,48,68,-20,373,133,379,161,72,2
2017/18,Watford,38,11,8,19,41,44,64,-20,440,132,441,184,63,4
2017/18,Brighton,38,9,13,16,40,34,54,-20,383,118,413,163,54,2
2017/18,Huddersfield,38,9,10,19,37,28,58,-30,360,111,396,165,61,3
2017/18,Southampton,38,7,15,16,36,37,56,-19,451,145,416,227,63,2
2017/18,Stoke,38,7,12,19,33,35,68,-33,382,131,436,136,62,1
2017/18,Swansea,38,8,9,21,33,28,56,-28,336,104,377,150,51,1
2017/18,West Brom,38,6,13,19,31,31,56,-25,375,114,440,176,72,1
2018/19,Man City,38,32,2,4,98,95,23,72,683,260,328,287,44,1
2018/19,Liverpool,38,30,7,1,97,89,22,67,574,226,315,249,37,2
2018/19,Chelsea,38,21,9,8,72,63,39,24,606,198,339,215,49,0
2018/19,Tottenham,38,23,2,13,71,67,39,28,536,189,375,194,56,3
2018/19,Arsenal,38,21,7,10,70,73,51,22,466,170,412,212,72,2
2018/19,Man United,38,19,9,10,66,65,54,11,526,225,433,200,73,4
2018/19,Wolves,38,16,9,13,57,47,46,1,474,151,409,195,72,1
2018/19,Everton,38,15,9,14,54,54,46,8,495,169,432,215,55,4
2018/19,Leicester,38,15,7,16,52,51,48,3,515,184,351,210,57,5
2018/19,West Ham,38,15,7,16,52,52,55,-3,441,157,331,187,59,1
2018/19,Watford,38,14,8,16,50,52,59,-7,434,151,433,177,77,4
2018/19,Crystal Palace,38,14,7,17,49,51,53,-2,491,146,386,205,58,2
2018/19,Bournemouth,38,13,6,19,45,56,70,-14,447,163,339,191,60,1
2018/19,Newcastle,38,12,9,17,45,42,48,-6,444,142,422,181,57,2
2018/19,Burnley,38,11,7,20,40,45,68,-23,359,115,359,140,75,1
2018/19,Southampton,38,9,12,17,39,45,65,-20,480,162,420,193,71,3
2018/19,Brighton,38,9,9,20,36,35,60,-25,365,108,463,156,60,4
2018/19,Cardiff,38,10,4,24,34,34,69,-35,417,126,384,168,65,1
2018/19,Fulham,38,7,5,26,26,34,81,-47,453,149,423,161,68,2
2018/19,Huddersfield,38,3,7,28,16,22,76,-54,400,118,420,162,55,4
2019/20,Liverpool,38,32,3,3,99,85,33,52,590,231,331,258,38,1
2019/20,Man City,38,26,3,9,81,102,35,67,745,263,361,298,60,4
2019/20,Chelsea,38,20,6,12,66,69,54,15,625,223,386,247,60,0
2019/20,Man United,38,18,12,8,66,66,36,30,543,216,433,204,72,0
2019/20,Leicester,38,18,8,12,62,67,41,26,537,190,418,222,41,3
2019/20,Tottenham,38,16,11,11,59,61,47,14,445,160,423,200,82,3
2019/20,Wolves,38,15,14,9,59,51,40,11,459,145,406,193,57,2
2019/20,Arsenal,38,14,14,10,56,56,48,8,410,151,421,231,86,5
2019/20,Burnley,38,15,9,14,54,43,50,-7,388,134,412,171,67,0
2019/20,Sheffield United,38,14,12,12,54,39,39,0,354,115,410,212,61,2
2019/20,Southampton,38,15,7,16,52,51,60,-9,500,181,450,210,53,4
2019/20,Everton,38,13,10,15,49,44,56,-12,470,162,472,203,70,3
2019/20,Newcastle,38,11,11,16,44,38,58,-20,395,131,370,151,65,3
2019/20,Crystal Palace,38,11,10,17,43,31,50,-19,376,120,425,177,61,2
2019/20,Brighton,38,9,14,15,41,39,54,-15,461,142,385,178,56,2
2019/20,West Ham,38,10,9,19,39,49,62,-13,417,163,387,190,62,1
2019/20,Aston Villa,38,9,8,21,35,41,67,-26,459,150,451,200,68,1
2019/20,Bournemouth,38,9,7,22,34,40,65,-25,389,121,369,194,73,3
2019/20,Watford,38,8,10,20,34,36,64,-28,424,120,484,167,75,3
2019/20,Norwich,38,5,6,27,21,26,75,-49,408,131,363,162,67,3
2020/21,Man City,38,27,5,6,86,83,32,51,604,219,361,247,46,2
2020/21,Man United,38,21,11,6,74,73,44,29,521,212,452,197,64,1
2020/21,Liverpool,38,20,9,9,69,68,42,26,608,214,396,260,40,0
2020/21,Chelsea,38,19,10,9,67,58,36,22,558,209,433,227,48,3
2020/21,Leicester,38,20,6,12,66,68,50,18,484,185,416,214,60,0
2020/21,West Ham,38,19,8,11,65,62,47,15,468,165,374,168,48,3
2020/21,Tottenham,38,18,8,12,62,68,45,23,444,176,439,168,53,2
2020/21,Arsenal,38,18,7,13,61,55,39,16,459,152,345,208,47,5
2020/21,Everton,38,17,8,13,59,47,48,-1,400,148,386,167,58,2
2020/21,Leeds,38,18,5,15,59,62,54,8,522,199,427,231,61,1
2020/21,Aston Villa,38,16,7,15,55,55,46,9,511,187,439,215,63,3
2020/21,Newcastle,38,12,9,17,45,46,62,-16,397,142,388,161,61,3
2020/21,Wolves,38,12,9,17,45,36,52,-16,462,154,425,209,53,0
2020/21,Crystal Palace,38,12,8,18,44,41,66,-25,349,131,409,151,54,2
2020/21,Southampton,38,12,7,19,43,47,68,-21,423,166,426,178,52,3
2020/21,Brighton,38,9,14,15,41,40,46,-6,487,143,427,219,45,6
2020/21,Burnley,38,10,9,19,39,33,55,-22,384,130,384,172,48,0
2020/21,Fulham,38,5,13,20,28,27,53,-26,442,136,484,164,66,3
2020/21,West Brom,38,5,11,22,26,35,76,-41,340,112,404,145,51,4
2020/21,Sheffield United,38,7,2,29,23,20,63,-43,325,99,459,171,73,3
2021/22,Man City,38,29,6,3,93,99,26,73,715,254,320,317,42,1
2021/22,Liverpool,38,28,8,2,92,94,26,68,730,256,363,285,50,1
2021/22,Chelsea,38,21,11,6,74,76,33,43,592,211,409,242,63,1
2021/22,Tottenham,38,22,5,11,71,69,40,29,491,198,386,195,67,1
2021/22,Arsenal,38,22,3,13,69,61,48,13,588,197,363,209,60,4
2021/22,Man United,38,16,10,12,58,57,57,0,508,187,395,199,75,2
2021/22,West Ham,38,16,8,14,56,60,51,9,433,158,324,191,47,3
2021/22,Leicester,38,14,10,14,52,62,59,3,435,169,356,185,54,1
2021/22,Brighton,38,12,15,11,51,42,44,-2,490,152,393,202,71,2
2021/22,Wolves,38,15,6,17,51,38,43,-5,402,136,365,168,59,2
2021/22,Newcastle,38,13,10,15,49,44,62,-18,448,148,391,160,79,1
2021/22,Crystal Palace,38,11,15,12,48,50,46,4,412,147,415,176,67,1
2021/22,Brentford,38,13,7,18,46,48,56,-8,442,154,371,159,61,3
2021/22,Aston Villa,38,13,6,19,45,52,54,-2,454,162,401,196,77,2
2021/22,Southampton,38,9,13,16,40,43,67,-24,482,170,402,234,63,2
2021/22,Everton,38,11,6,21,39,43,66,-23,438,138,368,161,76,6
2021/22,Leeds,38,9,11,18,38,42,79,-37,485,154,469,171,100,3
2021/22,Burnley,38,7,14,17,35,34,53,-19,407,125,394,184,68,2
2021/22,Watford,38,6,5,27,23,34,77,-43,396,127,440,162,57,3
2021/22,Norwich,38,5,7,26,22,23,84,-61,374,109,356,165,55,2
2022/23,Man City,38,28,5,5,89,94,33,61,603,219,347,240,43,1
2022/23,Arsenal,38,26,6,6,84,88,43,45,593,204,373,223,51,0
2022/23,Man United,38,23,6,9,75,58,43,15,592,214,423,195,78,1
2022/23,Newcastle,38,19,14,5,71,68,33,35,571,197,406,270,57,1
2022/23,Liverpool,38,19,10,9,67,75,47,28,605,212,405,236,57,1
2022/23,Brighton,38,18,8,12,62,72,53,19,612,231,426,233,59,0
2022/23,Aston Villa,38,18,7,13,61,51,46,5,431,151,417,165,80,1
2022/23,Tottenham,38,18,6,14,60,70,63,7,520,200,423,203,75,3
2022/23,Brentford,38,15,14,9,59,58,46,12,397,162,354,163,55,1
2022/23,Fulham,38,15,7,16,52,55,53,2,429,149,411,185,80,1
2022/23,Crystal Palace,38,11,12,15,45,40,49,-9,425,136,446,186,78,3
2022/23,Chelsea,38,11,11,16,44,38,47,-9,484,158,397,209,77,3
2022/23,Wolves,38,11,8,19,41,31,58,-27,413,125,463,186,83,5
2022/23,West Ham,38,11,7,20,40,42,55,-13,474,145,361,207,44,0
2022/23,Bournemouth,38,11,6,21,39,37,71,-34,355,133,391,144,68,0
2022/23,Nott'm Forest,38,9,11,18,38,38,68,-30,368,118,445,128,84,0
2022/23,Everton,38,8,12,18,36,34,57,-23,429,152,396,175,79,2
2022/23,Leicester,38,9,7,22,34,51,68,-17,417,152,411,135,58,2
2022/23,Leeds,38,7,10,21,31,48,78,-30,465,145,456,201,84,3
2022/23,Southampton,38,6,7,25,25,36,73,-37,417,142,430,157,73,0
2023/24,Man City,38,28,7,3,91,96,34,62,690,278,287,282,51,2
2023/24,Arsenal,38,28,5,5,89,91,29,62,657,227,391,256,62,2
2023/24,Liverpool,38,24,10,4,82,86,41,45,790,277,462,287,65,5
2023/24,Aston Villa,38,20,8,10,68,76,61,15,514,190,413,233,94,2
2023/24,Tottenham,38,20,6,12,66,74,61,13,582,214,425,235,88,4
2023/24,Chelsea,38,18,9,11,63,77,63,14,548,215,445,203,104,3
2023/24,Man United,38,18,6,14,60,57,58,-1,550,193,398,226,80,1
2023/24,Newcastle,38,18,6,14,60,85,62,23,551,213,385,193,76,1
2023/24,West Ham,38,14,10,14,52,60,74,-14,450,150,390,168,76,3
2023/24,Crystal Palace,38,13,10,15,49,57,58,-1,456,169,456,178,69,2
2023/24,Bournemouth,38,13,9,16,48,54,67,-13,542,185,506,236,80,3
2023/24,Brighton,38,12,12,14,48,55,62,-7,562,208,414,206,89,3
2023/24,Everton,38,13,9,16,48,40,51,-11,507,162,457,185,79,1
2023/24,Fulham,38,13,8,17,47,55,61,-6,500,178,384,212,77,4
2023/24,Wolves,38,13,7,18,46,50,65,-15,427,159,477,158,98,4
2023/24,Brentford,38,10,9,19,39,56,65,-9,473,172,384,185,88,2
2023/24,Nott'm Forest,38,9,9,20,36,49,67,-18,451,148,428,148,75,3
2023/24,Luton,38,6,8,24,26,52,85,-33,431,141,443,204,71,0
2023/24,Burnley,38,5,9,24,24,41,78,-37,433,142,427,181,71,7
2023/24,Sheffield United,38,3,7,28,16,35,104,-69,368,129,423,142,93,5
2024/25,Liverpool,38,25,9,4,84,86,41,45,648,231,430,253,64,3
2024/25,Arsenal,38,20,14,4,74,69,34,35,547,188,400,251,64,6
2024/25,Man City,38,21,8,9,71,72,44,28,607,217,287,253,57,2
2024/25,Chelsea,38,20,9,9,69,64,43,21,595,218,436,236,98,2
2024/25,Aston Villa,38,19,9,10,66,58,51,7,484,170,406,232,72,4
2024/25,Newcastle,38,20,6,12,66,68,47,21,524,174,394,218,68,1
2024/25,Nott'm Forest,38,19,8,11,65,58,46,12,463,166,391,160,85,2
2024/25,Brighton,38,16,13,9,61,66,59,7,533,191,438,189,72,3
2024/25,Bournemouth,38,15,11,12,56,58,46,12,580,202,514,229,97,3
2024/25,Brentford,38,16,8,14,56,66,57,9,441,184,319,175,62,1
2024/25,Fulham,38,15,9,14,54,54,54,0,521,173,432,205,80,2
2024/25,Crystal Palace,38,13,14,11,53,51,51,0,516,186,417,172,75,4
2024/25,Everton,38,11,15,12,48,42,44,-2,405,144,430,156,80,2
2024/25,West Ham,38,11,10,17,43,46,62,-16,476,146,443,154,78,3
2024/25,Man United,38,11,9,18,42,44,54,-10,527,174,413,200,83,3
2024/25,Wolves,38,12,6,20,42,54,69,-15,431,160,480,149,74,2
2024/25,Tottenham,38,11,5,22,38,64,65,-1,497,185,446,243,70,1
2024/25,Leicester,38,6,7,25,25,33,80,-47,335,111,420,141,87,0
2024/25,Ipswich,38,4,10,24,22,36,82,-46,376,127,430,145,84,5
2024/25,Southampton,38,2,6,30,12,26,86,-60,343,111,459,152,89,3
2025/26,Arsenal,38,26,7,5,85,71,27,44,552,186,391,216,51,0
2025/26,Man City,38,23,9,6,78,77,35,42,595,205,367,247,67,0
2025/26,Man United,38,20,11,7,71,69,50,19,596,216,391,182,62,3
2025/26,Aston Villa,38,19,8,11,65,56,49,7,483,170,379,199,58,1
2025/26,Liverpool,38,17,9,12,60,63,53,10,588,175,383,232,57,1
2025/26,Bournemouth,38,13,18,7,57,58,54,4,525,178,457,212,88,2
2025/26,Sunderland,38,14,12,12,54,42,48,-6,395,126,407,141,80,3
2025/26,Brentford,38,14,11,13,53,55,52,3,405,147,390,182,69,0
2025/26,Brighton,38,14,11,13,53,52,46,6,495,176,453,185,86,0
2025/26,Chelsea,38,14,10,14,52,58,52,6,511,164,426,231,89,7
2025/26,Fulham,38,15,7,16,52,47,51,-4,481,138,414,188,75,1
2025/26,Everton,38,13,10,15,49,47,50,-3,420,144,405,163,73,5
2025/26,Newcastle,38,14,7,17,49,53,55,-2,492,176,386,231,63,2
2025/26,Leeds,38,11,14,13,47,49,56,-7,478,151,398,168,62,1
2025/26,Crystal Palace,38,11,12,15,45,41,51,-10,442,141,398,160,74,2
2025/26,Nott'm Forest,38,11,11,16,44,48,51,-3,476,156,407,199,60,0
2025/26,Tottenham,38,10,11,17,41,48,57,-9,436,150,463,208,101,3
2025/26,West Ham,38,10,9,19,39,46,65,-19,404,142,421,187,67,3
2025/26,Burnley,38,4,10,24,22,38,75,-37,355,118,394,138,64,2
2025/26,Wolves,38,3,11,24,20,27,68,-41,370,123,494,130,78,3
